"db","outcome","n","rate_trt","rate_ctl","or","ci_lo","ci_hi","p"
"EICU","aki1_48h",3333,0.135913591359136,0.141614161416142,0.953414106639362,0.829745106033967,1.09551529997421,0.500932529771393
"EICU","aki2_48h",3333,0.0246024602460246,0.0216021602160216,1.142392081998,0.829294727747043,1.57369825870859,0.415293960529903
"EICU","aki3_48h",3333,0.0216021602160216,0.0153015301530153,1.42085610693215,0.98928300848013,2.04070226548011,0.0572147451142322
"EICU","aki1_7d",3426,0.16579100992411,0.17221249270286,0.955301194566696,0.841867490625824,1.08401902021677,0.478287232017695
"EICU","aki2_7d",3426,0.0469935785172212,0.0455341506129597,1.03363174895845,0.824954585498077,1.29509504066803,0.77372555281267
"EICU","aki3_7d",3426,0.0370694687682428,0.0344424985405721,1.07920736124418,0.836091480403728,1.39301566378985,0.558319011091016
"EICU","hosp_mort",4835,0.0740434332988625,0.0881075491209928,0.827611338496435,0.714780083402309,0.958253515329618,0.0113982876204137
"EICU","death_7d",4835,0.0506721820062048,0.056670113753878,0.888511206961466,0.744256718497824,1.06072561426052,0.190948328142235
"EICU","death_14d",4835,0.0628748707342296,0.0738366080661841,0.841579977901921,0.718254744412393,0.986080307460866,0.0328930336701331
