"db","outcome","n","rate_trt","rate_ctl","or","ci_lo","ci_hi","p"
"MIMIC","aki1_48h",6349,0.221137186958576,0.238777760277209,0.905145518912749,0.833282823695056,0.983205686125666,0.0182111038420362
"MIMIC","aki2_48h",6349,0.031501023783273,0.033233580091353,0.946171650460945,0.777259039801286,1.151792061968,0.581302635278278
"MIMIC","aki3_48h",6349,0.0135454402268074,0.00866278154040006,1.57137589969862,1.11819834181451,2.20821488086526,0.00922543634200667
"MIMIC","aki1_7d",6349,0.260985982044416,0.28161915262246,0.90085950001124,0.833023398086768,0.974219740555199,0.00895158794287395
"MIMIC","aki2_7d",6349,0.0601669554260513,0.0615845014962986,0.975508519440345,0.843405295618343,1.1283031733907,0.738378778667572
"MIMIC","aki3_7d",6349,0.0297684674751929,0.0259883446212002,1.14991735524669,0.930426389128158,1.42118703784465,0.196122029968367
"MIMIC","hosp_mort",6354,0.0339943342776204,0.0384010072395342,0.881207634248809,0.731263421895498,1.06189763005725,0.183881451906237
"MIMIC","death_7d",6354,0.0165250236071766,0.0173119294932326,0.953781695980452,0.728297402619808,1.24907698464254,0.730950578749391
"MIMIC","death_14d",6354,0.0253383695310041,0.0302171860245515,0.834344219427961,0.674675145982756,1.03180068309593,0.0946946615484696
